,,Position,Position,Position
,,count,min,max
Artist,Track Name,,,
*NSYNC,"Merry Christmas, Happy Holidays",2,97,162
21 Savage,Brand New Draco,1,35,35
21 Savage,Glock In My Lap,3,8,57
21 Savage,Immortal,13,14,165
21 Savage,Intro,1,67,67
21 Savage,Many Men,3,15,186
21 Savage,Mr. Right Now (feat. Drake),3,4,13
21 Savage,My Dawg,1,36,36
21 Savage,No Opp Left Behind,1,45,45
21 Savage,RIP Luv,1,54,54
21 Savage,Rich Nigga Shit (feat. Young Thug),3,13,140
21 Savage,Runnin,3,3,14
21 Savage,Said N Done,1,60,60
21 Savage,Secret (feat. Summer Walker),1,163,163
21 Savage,Slidin,2,16,102
21 Savage,Snitches & Rats (Interlude),1,53,53
21 Savage,Snitches & Rats (feat. Young Nudy),1,37,37
21 Savage,Steppin On Niggas,1,51,51
21 Savage,a lot,12,159,199
24kGoldn,CITY OF ANGELS,18,44,196
24kGoldn,Mood (feat. iann dior),11,2,52
24kGoldn,VALENTINO,20,41,190
5 Seconds of Summer,Easier,1,184,184
5 Seconds of Summer,No Shame,2,61,174
5 Seconds of Summer,Old Me,2,92,124
5 Seconds of Summer,Teeth,5,158,193
5 Seconds of Summer,Wildflower,1,99,99
5 Seconds of Summer,Youngblood,4,186,199
6LACK,Know My Rights (feat. Lil Baby),1,69,69
6ix9ine,GOOBA,17,4,199
6ix9ine,TROLLZ (with Nicki Minaj),4,18,174
A Boogie Wit da Hoodie,Bleed,2,52,139
A Boogie Wit da Hoodie,Cinderella Story,1,175,175
A Boogie Wit da Hoodie,DTB 4 Life,1,198,198
A Boogie Wit da Hoodie,Flood My Wrist (feat. Lil Uzi Vert),1,95,95
A Boogie Wit da Hoodie,King Of My City,4,41,194
A Boogie Wit da Hoodie,Look Back at It,7,161,196
A Boogie Wit da Hoodie,Luv Is Art (feat. Lil Uzi Vert),1,116,116
A Boogie Wit da Hoodie,Me and My Guitar,3,66,157
A Boogie Wit da Hoodie,Might Not Give Up (feat. Young Thug),2,46,174
A Boogie Wit da Hoodie,"Numbers (feat. Roddy Ricch, Gunna and London On Da Track)",15,13,151
A Boogie Wit da Hoodie,Reply (feat. Lil Uzi Vert),3,20,155
A Boogie Wit da Hoodie,Stain (feat. DaBaby),1,71,71
A Boogie Wit da Hoodie,Swervin (feat. 6ix9ine),36,78,172
A Boogie Wit da Hoodie,Thug Love,1,102,102
A Boogie Wit da Hoodie,Vroom Vroom,1,179,179
AJR,Bang!,7,126,187
ASAP Ferg,Move Ya Hips (feat. Nicki Minaj & MadeinTYO),2,55,124
Agust D,Daechwita,1,89,89
Alessia Cara,Make It To Christmas,1,189,189
Alexander 23,IDK You Yet,4,163,185
Ali Gatie,It's You,24,64,199
Ali Gatie,What If I Told You That I Love You,12,47,188
Aminé,Compensating (feat. Young Thug),1,183,183
Aminé,Woodlawn,1,100,100
Anderson .Paak,Lockdown,1,181,181
Andy Williams,It's the Most Wonderful Time of the Year,6,8,162
Anitta,Me Gusta (with Cardi B & Myke Towers),1,67,67
Anne-Marie,Birthday,1,186,186
Ant Saunders,Yellow Hearts,15,20,102
Anuel AA,China,5,145,178
Anuel AA,Fútbol & Rumba (feat. Enrique Iglesias),3,113,194
Anuel AA,Hasta Que Dios Diga,7,68,153
Anuel AA,Jangueo,2,156,181
Anuel AA,Keii,1,96,96
Anuel AA,Narcos,2,133,152
Anuel AA,Que Se Joda,1,193,193
Anuel AA,Reggaetonera,3,102,175
Ariana Grande,7 rings,35,57,195
Ariana Grande,Bad To You (with Normani & Nicki Minaj),2,41,96
Ariana Grande,Don’t Call Me Angel (Charlie’s Angels) (with Miley Cyrus & Lana Del Rey),2,132,188
Ariana Grande,Last Christmas,1,168,168
Ariana Grande,Santa Baby,4,81,156
Ariana Grande,Santa Tell Me,7,13,169
Ariana Grande,Stuck with U (with Justin Bieber),24,3,178
Ariana Grande,boyfriend (with Social House),5,128,174
Ariana Grande,"break up with your girlfriend, i'm bored",1,193,193
Ariana Grande,"thank u, next",14,106,180
Arizona Zervas,FML,9,70,188
Arizona Zervas,ROXANNE,52,1,119
Ashe,Moral of the Story,11,30,124
Ashnikko,Daisy,6,40,111
Ashnikko,STUPID (feat. Yung Baby Tate),2,166,200
Ava Max,Kings & Queens,15,131,197
BENEE,Supalonely,26,23,194
BLACKPINK,Bet You Wanna (feat. Cardi B),3,26,166
BLACKPINK,Crazy Over You,1,100,100
BLACKPINK,How You Like That,9,15,189
BLACKPINK,Ice Cream (with Selena Gomez),8,11,108
BLACKPINK,Love To Hate Me,1,114,114
BLACKPINK,Lovesick Girls,3,27,162
BLACKPINK,Pretty Savage,1,73,73
BLACKPINK,You Never Know,1,146,146
BROCKHAMPTON,SUGAR,30,21,195
BROCKHAMPTON,SUGAR (Remix) [feat. Dua Lipa],1,186,186
BTS,00:00 (Zero O’Clock),1,83,83
BTS,Black Swan,5,47,200
BTS,Boy With Luv (feat. Halsey),1,130,130
BTS,Dynamite,9,4,19
BTS,Filter,1,61,61
BTS,Friends,1,101,101
BTS,Inner Child,1,102,102
BTS,Interlude : Shadow,1,146,146
BTS,Louder than bombs,1,68,68
BTS,Make It Right (feat. Lauv),3,86,162
BTS,Moon,1,116,116
BTS,My Time,1,65,65
BTS,ON,3,31,196
BTS,ON (Feat. Sia),2,39,141
BTS,Outro : Ego,1,147,147
BTS,Respect,1,170,170
BTS,UGH!,1,62,62
BTS,We are Bulletproof : the Eternal,1,94,94
Baby Keem,ORANGE SODA,22,54,191
Baby Keem,hooligan,1,195,195
Bad Bunny,25/8,2,62,112
Bad Bunny,<3,1,97,97
Bad Bunny,A Tu Merced,2,65,115
Bad Bunny,BAD CON NICKY,1,113,113
Bad Bunny,BENDICIONES,1,174,174
Bad Bunny,BYE ME FUI,2,85,123
Bad Bunny,Bichiyal,3,51,173
Bad Bunny,Callaita,15,102,198
Bad Bunny,Está Cabrón Ser Yo,2,64,128
Bad Bunny,Hablamos Mañana,1,115,115
Bad Bunny,Ignorantes,9,15,163
Bad Bunny,La Difícil,11,13,192
Bad Bunny,La Santa,6,24,196
Bad Bunny,La Zona,2,56,121
Bad Bunny,MÁS DE UNA CITA,1,131,131
Bad Bunny,P FKN R,2,89,200
Bad Bunny,PA' ROMPERLA,2,92,161
Bad Bunny,Pero Ya No,3,35,143
Bad Bunny,Puesto Pa' Guerrial,1,108,108
Bad Bunny,Que Malo,2,61,129
Bad Bunny,SI ELLA SALE,1,158,158
Bad Bunny,Safaera,21,41,166
Bad Bunny,Si Veo a Tu Mamá,12,16,182
Bad Bunny,Soliá,2,52,94
Bad Bunny,Una Vez,2,73,144
Bad Bunny,Vete,23,8,193
Bad Bunny,Yo Perreo Sola,21,39,198
Band Aid,Do They Know It's Christmas? - 1984 Version,5,34,179
Banda MS de Sergio Lizárraga,Qué Maldición,1,123,123
Bankrol Hayden,Costa Rica,4,118,200
Bankrol Hayden,Costa Rica (feat. The Kid LAROI) - Remix,1,192,192
Bazzi,I.F.L.Y.,14,80,195
Bazzi,Paradise,5,163,191
Bazzi,Young & Alive,3,116,187
Bea Miller,feel something,6,104,187
Bebe Rexha,"Baby, I'm Jealous (feat. Doja Cat)",1,99,99
Bebe Rexha,Meant to Be (feat. Florida Georgia Line),5,188,199
Beyoncé,BLACK PARADE,2,65,102
Big Sean,"Body Language (feat. Ty Dolla Sign, and Jhené Aiko)",1,172,172
Big Sean,Deep Reverence (feat. Nipsey Hussle),2,96,112
Big Sean,Harder Than My Demons,1,124,124
Big Sean,Lithuania (feat. Travis Scott),1,31,31
Big Sean,Lucky Me,1,158,158
Big Sean,Why Would I Stop?,1,109,109
Big Sean,Wolves (feat. Post Malone),7,19,43
Big Sean,ZTFO,1,81,81
Billie Eilish,No Time To Die,7,4,179
Billie Eilish,all the good girls go to hell,3,134,188
Billie Eilish,bad guy,52,18,196
Billie Eilish,bury a friend,13,108,194
Billie Eilish,everything i wanted,50,1,184
Billie Eilish,i love you,19,117,195
Billie Eilish,idontwannabeyouanymore,1,196,196
Billie Eilish,lovely (with Khalid),52,56,165
Billie Eilish,my future,11,2,151
Billie Eilish,ocean eyes,23,105,191
Billie Eilish,when the party's over,50,38,193
Billie Eilish,wish you were gay,8,136,192
Billie Eilish,xanny,1,199,199
Billie Eilish,you should see me in a crown,3,153,197
Bing Crosby,Do You Hear What I Hear?,4,75,184
Bing Crosby,It's Beginning To Look Like Christmas,1,113,113
Bing Crosby,Mele Kalikimaka (Merry Christmas),2,87,193
Bing Crosby,White Christmas,5,23,175
Bing Crosby,Winter Wonderland,4,66,192
Black Eyed Peas,MAMACITA,10,117,198
Black Eyed Peas,RITMO (Bad Boys For Life),18,87,190
Blake Shelton,Nobody But You (Duet with Gwen Stefani),1,185,185
"Bobby ""Boris"" Pickett",Monster Mash,1,175,175
Bobby Helms,Jingle Bell Rock,7,5,198
Brenda Lee,Rockin' Around The Christmas Tree,7,4,167
Brent Faiyaz,Dead Man Walking,1,181,181
Brent Faiyaz,Trust,8,89,189
Brett Eldredge,"Baby, It's Cold Outside (feat. Meghan Trainor)",2,108,190
Britney Spears,My Only Wish (This Year),1,150,150
Bruce Springsteen,"Santa Claus Is Comin' to Town - Live at C.W. Post College, Greenvale, NY - December 1975",2,91,179
Bryson Tiller,Always Forever,1,112,112
Bryson Tiller,I'm Ready For You,1,170,170
Bryson Tiller,Inhale,1,138,138
Bryson Tiller,Outta Time (feat. Drake),2,30,181
Bryson Tiller,Sorrows,1,167,167
Bryson Tiller,Things Change,1,163,163
Bryson Tiller,Years Go By,1,101,101
Burl Ives,A Holly Jolly Christmas - Single Version,5,15,144
Burl Ives,Rudolph The Red-Nosed Reindeer,1,122,122
BØRNS,Electric Love,18,44,197
CORPSE,E-GIRLS ARE RUINING MY LIFE!,2,85,94
Calboy,Envy Me,21,114,200
Calvin Harris,Over Now (with The Weeknd),4,17,183
Camila Cabello,Easy,3,85,139
Camila Cabello,Liar,8,60,156
Camila Cabello,Living Proof,2,104,197
Camila Cabello,My Oh My (feat. DaBaby),23,15,102
Cardi B,I Like It,1,185,185
Cardi B,WAP (feat. Megan Thee Stallion),11,1,3
Carly Pearce,I Hope You’re Happy Now,4,163,171
Carpenters,Sleigh Ride,1,138,138
Chance the Rapper,Hot Shower,14,39,189
Chase Rice,Lonely If You Are,1,190,190
Childish Gambino,"12.38 (feat. 21 Savage, Ink & Kadhja Bonet)",1,158,158
Childish Gambino,Algorhythm,1,181,181
Childish Gambino,Redbone,5,170,200
Childish Gambino,This Is America,2,40,117
Chloe x Halle,Do It,5,96,188
Chris Brown,Go Crazy,22,20,188
Chris Brown,No Guidance (feat. Drake),52,21,164
Chris Rea,Driving Home for Christmas - 2019 Remaster,1,186,186
Chris Stapleton,Starting Over,1,100,100
Chris Stapleton,Tennessee Whiskey,8,178,199
Chuck Berry,Run Rudolph Run - Single Version,4,41,105
City Girls,Pussy Talk,10,134,195
Claire Rosinkranz,Backyard Boy,3,175,191
Clairo,Sofia,5,28,126
Cochise,Hatchback,1,200,200
Coldplay,Orphans,2,93,196
Conan Gray,Heather,16,9,194
Conan Gray,Maniac,45,73,200
Cordae,Gifted (feat. Roddy Ricch),2,58,130
Curtis Waters,Stunnin' (feat. Harm Franklin),18,66,170
DDG,Moonwalking in Calabasas (feat. Blueface) - Remix,2,74,158
DJ Khaled,GREECE (feat. Drake),14,12,99
DJ Khaled,POPSTAR (feat. Drake),14,4,32
DaBaby,AMAZING GRACE,1,138,138
DaBaby,BLAME IT ON BABY,1,42,42
DaBaby,BLIND (feat. Young Thug),10,78,180
DaBaby,BOP,52,4,158
DaBaby,Baby Sitter (feat. Offset),2,182,190
DaBaby,CAN'T STOP,1,54,54
DaBaby,CHAMPION,1,79,79
DaBaby,DROP (feat. A Boogie wit da Hoodie & London On Da Track),1,63,63
DaBaby,FIND MY WAY,12,5,191
DaBaby,Goin Baby,3,171,188
DaBaby,INTRO,4,119,167
DaBaby,JUMP (feat. YoungBoy Never Broke Again),9,24,194
DaBaby,LIGHTSKIN SH*T (feat. Future & jetsonmade),1,49,49
DaBaby,NASTY (feat. Ashanti & Megan Thee Stallion),1,84,84
DaBaby,NO DRIBBLE (feat. Stunna 4 Vegas),1,154,154
DaBaby,PICK UP (feat. Quavo),6,19,165
DaBaby,PRACTICE,1,103,103
DaBaby,RAW SHIT (feat. Migos),2,159,165
DaBaby,ROCKSTAR (feat. Roddy Ricch),27,1,14
DaBaby,ROCKSTAR (feat. Roddy Ricch) - BLM REMIX,2,27,181
DaBaby,SAD SH*T,1,62,62
DaBaby,Suge,44,31,190
DaBaby,TALK ABOUT IT,1,68,68
DaBaby,TOES (feat. Lil Baby & Moneybagg Yo),30,18,198
DaBaby,VIBEZ,36,19,169
Dan + Shay,"10,000 Hours (with Justin Bieber)",52,15,186
Dan + Shay,I Should Probably Go To Bed,7,81,195
Dan + Shay,Speechless,34,92,198
Dan + Shay,Tequila,17,174,200
Darlene Love,Christmas (Baby Please Come Home),3,28,152
Daryl Hall & John Oates,Jingle Bell Rock - Daryl's Version,3,102,195
Dean Lewis,Be Alright,4,177,192
Dean Martin,"Baby, It's Cold Outside",4,59,162
Dean Martin,Let It Snow! Let It Snow! Let It Snow!,4,58,140
Dean Martin,Rudolph The Red-Nosed Reindeer,1,183,183
Dean Martin,Silver Bells,1,120,120
Delacey,Cruel Intentions,3,57,192
Demi Lovato,Anyone,2,77,152
Demi Lovato,I Love Me,5,35,114
Diplo,Dance with Me (feat. Thomas Rhett & Young Thug),1,188,188
Diplo,Heartless (feat. Morgan Wallen),52,67,196
Diplo,Lonely,3,133,190
Doja Cat,Boss Bitch,18,39,193
Doja Cat,Candy,6,71,182
Doja Cat,Freak,1,125,125
Doja Cat,Juicy,19,66,196
Doja Cat,Like That (feat. Gucci Mane),20,81,196
Doja Cat,Rules,1,191,191
Doja Cat,Say So,41,3,198
Doja Cat,Say So (feat. Nicki Minaj),8,19,99
Don Toliver,After Party,29,13,122
Don Toliver,Cardigan,3,43,180
Don Toliver,Euphoria (feat. Travis Scott & Kaash Paige),1,149,149
Don Toliver,Had Enough (feat. Quavo & Offset),6,15,157
Don Toliver,No Idea,32,17,198
Donny Hathaway,This Christmas,2,76,167
Drake,Behind Barz - Bonus,6,83,187
Drake,Chicago Freestyle (feat. Giveon),25,10,174
Drake,Deep Pockets,1,28,28
Drake,Demons (feat. Fivio Foreign & Sosa Geek),2,16,60
Drake,Desires (with Future),2,18,141
Drake,From Florida With Love,1,31,31
Drake,God's Plan,2,137,185
Drake,Landed,2,26,186
Drake,Laugh Now Cry Later (feat. Lil Durk),10,2,7
Drake,Losses,1,40,40
Drake,Money In The Grave (Drake ft. Rick Ross),48,25,194
Drake,Not You Too (feat. Chris Brown),1,20,20
Drake,Pain 1993 (with Playboi Carti),6,3,158
Drake,Time Flies,2,17,114
Drake,Toosie Slide,29,1,124
Drake,War,1,42,42
Drake,When To Say When,1,29,29
Dreamville,Under The Sun (with J. Cole & Lute feat. DaBaby),1,200,200
DripReport,Skechers,12,57,197
Dua Lipa,Break My Heart,27,14,188
Dua Lipa,Cool,1,110,110
Dua Lipa,Don't Start Now,51,5,162
Dua Lipa,Future Nostalgia,1,138,138
Dua Lipa,Good In Bed,1,170,170
Dua Lipa,Hallucinate,1,90,90
Dua Lipa,Levitating,1,80,80
Dua Lipa,Levitating (feat. DaBaby),3,56,139
Dua Lipa,Love Again,1,142,142
Dua Lipa,Physical,16,31,187
Dua Lipa,Pretty Please,1,100,100
"Earth, Wind & Fire",September,1,86,86
Eartha Kitt,Santa Baby (with Henri René & His Orchestra),4,71,174
Ed Sheeran,Beautiful People (feat. Khalid),26,42,193
Ed Sheeran,I Don't Care (with Justin Bieber),22,94,187
Ed Sheeran,South of the Border (feat. Camila Cabello & Cardi B),10,74,169
Ella Fitzgerald,Frosty The Snowman,1,193,193
Ella Fitzgerald,Sleigh Ride,1,116,116
Ellie Goulding,Hate Me (with Juice WRLD),38,26,186
Elton John,Step Into Christmas,1,124,124
Elvis Presley,Blue Christmas,4,35,90
Eminem,Alfred - Interlude,1,71,71
Eminem,Alfred - Outro,1,179,179
Eminem,Darkness,2,24,84
Eminem,Farewell,1,74,74
Eminem,Godzilla (feat. Juice WRLD),40,2,166
Eminem,"I Will (feat. KXNG Crooked, Royce Da 5'9"" & Joell Ortiz)",1,88,88
Eminem,In Too Deep,2,42,174
Eminem,Leaving Heaven (feat. Skylar Grey),2,45,159
Eminem,Little Engine,1,72,72
Eminem,Lock It Up (feat. Anderson .Paak),2,59,162
Eminem,Marsh,2,61,186
Eminem,Never Love Again,1,75,75
Eminem,No Regrets (feat. Don Toliver),2,53,151
Eminem,Premonition - Intro,1,44,44
Eminem,Stepdad,1,67,67
Eminem,Those Kinda Nights (feat. Ed Sheeran),3,25,174
Eminem,Unaccommodating (feat. Young M.A),2,20,91
Eminem,"Yah Yah (feat. Royce Da 5'9"", Black Thought, Q-Tip & Denaun)",1,68,68
Eminem,"You Gon’ Learn (feat. Royce Da 5'9"" & White Gold)",3,22,191
Eslabon Armado,Dame Tu Calor,1,112,112
Fiona Apple,I Want You To Love Me,1,188,188
Fleetwood Mac,Dreams - 2004 Remaster,7,6,199
Fleetwood Mac,Landslide,1,160,160
Fleetwood Mac,The Chain - 2004 Remaster,3,105,161
Flipp Dinero,How I Move (feat. Lil Baby),12,118,191
Florida Georgia Line,I Love My Country,1,186,186
Fousheé,Deep End,1,191,191
Frank Ocean,Cayendo (Side A - Acoustic),1,89,89
Frank Ocean,Chanel,8,89,197
Frank Ocean,DHL,2,81,195
Frank Ocean,Dear April (Side A - Acoustic),1,68,68
Frank Ocean,In My Room,3,56,154
Frank Sinatra,Jingle Bells - Remastered 1999,1,157,157
Frank Sinatra,Let It Snow! Let It Snow! Let It Snow! (with The B. Swanson Quartet),5,20,146
Frank Sinatra,Mistletoe And Holly - Remastered 1999,4,67,179
Frank Sinatra,The First Noel - Remastered 1999,1,166,166
French Montana,Writing on the Wall (feat. Post Malone & Cardi B),1,111,111
French Montana,"Writing on the Wall (feat. Post Malone, Cardi B & Rvssian)",3,35,184
Future,All Bad (feat. Lil Uzi Vert),1,29,29
Future,D4L,2,15,132
Future,Fine China,1,113,113
Future,Hard To Choose One,1,105,105
Future,Harlem Shake (feat. Young Thug),1,95,95
Future,HiTek Tek,1,107,107
Future,Life Is Good (feat. Drake),41,2,89
Future,"Life Is Good (feat. Drake, DaBaby & Lil Baby) - Remix",11,41,196
Future,One Of My,1,122,122
Future,Over Your Head,1,53,53
Future,Patek,7,92,165
Future,Posted With Demons,1,135,135
Future,Ridin Strikers,1,83,83
Future,Solitaires (feat. Travis Scott),9,14,196
Future,Too Comfortable,1,131,131
Future,Touch The Sky,1,121,121
Future,Trapped In The Sun,1,74,74
Future,Trillionaire (feat. Youngboy Never Broke Again),2,35,158
Future,Tycoon,1,81,81
Future,Up the River,1,188,188
G Herbo,PTSD,34,31,174
G-Eazy,Hate The Way (feat. blackbear),1,67,67
G-Eazy,I Wanna Rock (feat. Gunna),1,200,200
G-Eazy,Moana,3,106,181
G-Eazy,Still Be Friends (feat. Tory Lanez & Tyga),8,77,195
Gabby Barrett,I Hope,38,72,197
Gene Autry,Here Comes Santa Claus (Right Down Santa Claus Lane),1,112,112
Glass Animals,Heat Waves,1,163,163
Glass Animals,Tangerine,1,102,102
Grouplove,Tongue Tied,28,119,200
Gunna,ADDYS (feat. Nechie),1,184,184
Gunna,ARGENTINA,1,84,84
Gunna,BLINDFOLD (feat. Lil Baby),1,74,74
Gunna,Baby Birkin,3,134,163
Gunna,COOLER THAN A BITCH (feat. Roddy Ricch),7,28,187
Gunna,DOLLAZ ON MY HEAD (feat. Young Thug),22,19,53
Gunna,FEIGNING,1,174,174
Gunna,GIMMICK,1,155,155
Gunna,MET GALA,1,101,101
Gunna,MOTW,1,128,128
Gunna,NASTY GIRL / ON CAMERA,1,115,115
Gunna,RELENTLESS (feat. Lil Uzi Vert),4,69,195
Gunna,SKYBOX,5,58,200
Gunna,TOP FLOOR (feat. Travis Scott),1,62,62
Gunna,WUNNA,3,35,156
Gwen Stefani,You Make It Feel Like Christmas (feat. Blake Shelton),1,134,134
H.E.R.,Best Part (feat. Daniel Caesar),23,160,196
H.E.R.,Slide,2,159,168
HIXTAPE,"One Beer (HARDY feat. Lauren Alaina, Devin Dawson)",5,167,198
Halsey,3am,1,106,106
Halsey,Ashley,1,130,130
Halsey,Finally // beautiful stranger,2,153,198
Halsey,Forever ... (is a long time),1,197,197
Halsey,Graveyard,16,48,166
Halsey,I HATE EVERYBODY,1,171,171
Halsey,Still Learning,1,90,90
Halsey,Without Me,34,81,199
Halsey,You should be sad,19,12,120
Halsey,clementine,1,187,187
Harry Styles,Adore You,46,3,84
Harry Styles,Canyon Moon,1,52,52
Harry Styles,Cherry,4,20,170
Harry Styles,Falling,45,11,169
Harry Styles,Fine Line,1,47,47
Harry Styles,Golden,4,21,174
Harry Styles,Lights Up,30,11,200
Harry Styles,She,2,28,179
Harry Styles,"Sunflower, Vol. 6",2,34,181
Harry Styles,To Be So Lonely,2,32,197
Harry Styles,Treat People With Kindness,1,57,57
Harry Styles,Watermelon Sugar,49,4,120
Headie One,Only You Freestyle,1,129,129
Idina Menzel,Into the Unknown,17,37,200
Idina Menzel,Show Yourself,3,79,165
Internet Money,Blastoff (feat. Juice Wrld & Trippie Redd),8,18,87
Internet Money,Lemonade,2,15,22
Internet Money,Lemonade (Feat. Roddy Ricch & Don Toliver) [Remix],1,52,52
Internet Money,"Lemonade (feat. Gunna, Don Toliver & NAV)",8,1,7
Internet Money,"Lost Me (feat. Lil Mosey, iann dior & Lil Skies)",1,189,189
Internet Money,Somebody,12,50,180
J Balvin,Amarillo,1,89,89
J Balvin,LA CANCIÓN,15,108,195
J Balvin,Morado,1,154,154
J Balvin,Rojo,6,67,188
J Balvin,UN DIA (ONE DAY) (Feat. Tainy),13,43,102
J. Cole,Lion King On Ice,2,32,88
J. Cole,MIDDLE CHILD,52,50,159
J. Cole,No Role Modelz,33,124,199
J. Cole,Snow On Tha Bluff,3,49,134
J. Cole,The Climb Back,6,33,198
J.I the Prince of N.Y,Need Me,3,179,196
JACKBOYS,GANG GANG,3,22,157
JACKBOYS,GATTI,3,41,162
JACKBOYS,JACKBOYS,1,88,88
JACKBOYS,OUT WEST (feat. Young Thug),38,6,197
JACKBOYS,WHAT TO DO? (feat. Don Toliver),3,18,150
JP Saxe,If the World Was Ending - feat. Julia Michaels,50,47,191
Jack Harlow,WHATS POPPIN,39,6,107
Jack Harlow,"WHATS POPPIN (feat. DaBaby, Tory Lanez & Lil Wayne) - Remix",18,2,196
James Arthur,Say You Won't Let Go,24,159,200
James Arthur,Train Wreck,1,95,95
Jameson Rodgers,Some Girls,1,197,197
Jason Aldean,Got What I Got,3,152,190
Jason Derulo,Take You Dancing,9,110,163
Jawsh 685,Savage Love (Laxed - Siren Beat),19,9,94
Jawsh 685,Savage Love (Laxed – Siren Beat) [BTS Remix],1,77,77
Jeremy Zucker,not ur friend,1,189,189
Jeremy Zucker,you were good to me,1,200,200
Jeremy Zucker,you were good to me (bonus track),2,166,199
Jhay Cortez,CÓMO SE SIENTE - Remix,1,127,127
Jhay Cortez,No Me Conoce - Remix,6,159,191
Jhené Aiko,B.S. (feat. H.E.R.),12,38,194
Jhené Aiko,Happiness Over Everything (H.O.E.) (feat. Future & Miguel),1,76,76
Jhené Aiko,None Of Your Concern,1,53,53
Jhené Aiko,None Of Your Concern (feat. Big Sean),1,127,127
Jhené Aiko,P*SSY Fairy (OTW),5,110,172
Jhené Aiko,Triggered (freestyle),1,133,133
Joel Corry,Head & Heart (feat. MNEK),11,58,164
John Lennon,Happy Xmas (War Is Over) - Remastered 2010,4,32,99
Joji,777,1,119,119
Joji,Afterthought,1,70,70
Joji,Daylight,3,36,153
Joji,Ew,2,27,188
Joji,Gimme Love,7,29,200
Joji,High Hopes (feat. Omar Apollo),1,107,107
Joji,Like You Do,1,88,88
Joji,MODUS,1,47,47
Joji,Mr. Hollywood,1,112,112
Joji,NITROUS,1,94,94
Joji,Normal People (feat. rei brown),1,114,114
Joji,Pretty Boy (feat. Lil Yachty),1,67,67
Joji,Reanimator (feat. Yves Tumor),1,183,183
Joji,Run,5,16,168
Joji,SLOW DANCING IN THE DARK,52,72,141
Joji,Sanctuary,1,65,65
Joji,Tick Tock,1,57,57
Joji,Upgrade,1,101,101
Joji,Your Man,4,31,183
Jonas Brothers,Like It's Christmas,4,65,125
Jonas Brothers,Sucker,23,116,197
Jonas Brothers,What A Man Gotta Do,10,27,137
Jonas Brothers,X (with KAROL G),2,78,180
Jonathan Groff,Lost in the Woods,1,158,158
Jonathan Groff,You'll Be Back,3,106,149
José Feliciano,Feliz Navidad,4,24,75
Journey,Don't Stop Believin',7,179,199
Joyner Lucas,Revenge,1,116,116
Joyner Lucas,Will,1,128,128
Joyner Lucas,Will - Remix,2,93,187
Judy Garland,Have Yourself A Merry Little Christmas,3,83,181
Juice WRLD,All Girls Are The Same,51,17,177
Juice WRLD,Anxiety - Intro,2,26,190
Juice WRLD,Armed And Dangerous,48,36,195
Juice WRLD,Bad Energy,8,10,167
Juice WRLD,Bandit (with YoungBoy Never Broke Again),52,2,110
Juice WRLD,Black & White,2,83,160
Juice WRLD,Blood On My Jeans,11,8,172
Juice WRLD,Can't Die,6,20,189
Juice WRLD,Come & Go (with Marshmello),15,1,20
Juice WRLD,Conversations,15,3,80
Juice WRLD,Empty,2,97,169
Juice WRLD,Fast,1,107,107
Juice WRLD,Feeling,1,130,130
Juice WRLD,Fighting Demons,6,14,183
Juice WRLD,Hate The Other Side (with Marshmello & The Kid Laroi),15,5,77
Juice WRLD,Hear Me Calling,1,114,114
Juice WRLD,Hide (feat. Seezyn),1,153,153
Juice WRLD,I Want It,4,17,144
Juice WRLD,Juice WRLD Speaks From Heaven - Outro,1,34,34
Juice WRLD,Lean Wit Me,40,34,198
Juice WRLD,Legends,33,19,196
Juice WRLD,Let Me Know (I Wonder Why Freestyle),10,37,183
Juice WRLD,Life's A Mess (feat. Halsey),16,4,179
Juice WRLD,Lucid Dreams,52,3,87
Juice WRLD,Man Of The Year,9,18,186
Juice WRLD,Righteous,26,2,90
Juice WRLD,Robbery,52,8,104
Juice WRLD,Screw Juice,5,16,173
Juice WRLD,Smile (with The Weeknd),11,2,42
Juice WRLD,Stay High,11,13,170
Juice WRLD,Tell Me U Luv Me (with Trippie Redd),16,10,193
Juice WRLD,"The Man, The Myth, The Legend - Interlude",1,35,35
Juice WRLD,Titanic,8,9,192
Juice WRLD,Up Up And Away,7,15,161
Juice WRLD,Wasted (feat. Lil Uzi Vert),2,93,195
Juice WRLD,Wishing Well,15,1,18
Justin Bieber,All Around Me,1,48,48
Justin Bieber,At Least For Now,1,136,136
Justin Bieber,Available,1,65,65
Justin Bieber,Changes,1,92,92
Justin Bieber,Come Around Me,2,37,190
Justin Bieber,Confirmation,1,87,87
Justin Bieber,E.T.A.,1,99,99
Justin Bieber,Forever (feat. Post Malone & Clever),8,7,91
Justin Bieber,Get Me,1,38,38
Justin Bieber,Get Me (feat. Kehlani),1,62,62
Justin Bieber,Habitual,1,47,47
Justin Bieber,Holy (feat. Chance The Rapper),5,3,10
Justin Bieber,Intentions,1,3,3
Justin Bieber,Intentions (feat. Quavo),36,2,110
Justin Bieber,Lonely (with benny blanco),1,8,8
Justin Bieber,Mistletoe,6,25,195
Justin Bieber,Running Over (feat. Lil Dicky),1,56,56
Justin Bieber,Second Emotion (feat. Travis Scott),1,53,53
Justin Bieber,Take It Out On Me,1,96,96
Justin Bieber,That's What Love Is,1,124,124
Justin Bieber,Yummy,17,3,198
Justin Bieber,Yummy - Summer Walker Remix,1,192,192
K CAMP,Lottery (Renegade),6,99,184
K/DA,THE BADDEST,1,179,179
KAROL G,"Ay, DiOs Mío!",5,119,193
KAROL G,Tusa,24,36,194
Kaash Paige,Love Songs,1,198,198
Kane Brown,Be Like That - feat. Swae Lee & Khalid,15,25,108
Kane Brown,Cool Again,1,159,159
Kanye West,Closed On Sunday,3,4,134
Kanye West,Every Hour,2,12,139
Kanye West,Everything We Need,3,8,187
Kanye West,Follow God,8,1,193
Kanye West,God Is,2,11,88
Kanye West,Hands On,2,18,136
Kanye West,Jesus Is Lord,2,24,194
Kanye West,On God,3,5,154
Kanye West,Selah,3,7,173
Kanye West,Use This Gospel,3,10,186
Kanye West,Wash Us In The Blood,3,33,114
Kanye West,Water,2,13,110
Katy Perry,Cozy Little Christmas,1,187,187
Katy Perry,Daisies,5,55,192
Katy Perry,Harleys In Hawaii,2,138,197
Kehlani,All Me (feat. Keyshia Cole),1,120,120
Kehlani,Bad News,1,184,184
Kehlani,Can I,1,52,52
Kehlani,Change Your Life (feat. Jhené Aiko),1,96,96
Kehlani,Everybody Business,1,157,157
Kehlani,F&MU,1,125,125
Kehlani,Toxic,1,79,79
Kehlani,Water,1,161,161
Keith Urban,One Too Many,1,149,149
Kelly Clarkson,Underneath the Tree,4,40,77
Kelsea Ballerini,the other girl (with Halsey),1,122,122
Kendrick Lamar,HUMBLE.,8,168,192
Kendrick Lamar,Money Trees,12,88,191
Khalid,Better,16,109,199
Khalid,Eleven,5,38,156
Khalid,Eleven (feat. Summer Walker),1,187,187
Khalid,Know Your Worth,19,28,146
Khalid,Location,1,192,192
Khalid,Saturday Nights,5,180,199
Khalid,Talk (feat. Disclosure),19,71,192
Khalid,Up All Night,8,40,154
Khalid,Young Dumb & Broke,5,170,199
Kid Cudi,Leader Of The Delinquents,1,177,177
Kid Cudi,The Adventures of Moon Man & Slim Shady (with Eminem),3,25,153
Kina,Get You The Moon (feat. Snøw),4,169,198
Kinneret,No Wind Resistance!,1,117,117
Kodak Black,ZEZE (feat. Travis Scott & Offset),4,182,198
Kodak Black,Zombie (feat. NLE Choppa & DB Omerta),1,155,155
Kristen Bell,Some Things Never Change,1,194,194
Kygo,Broken Glass,1,97,97
Kygo,Forever Yours - Avicii Tribute,1,177,177
Kygo,Freedom,1,161,161
Kygo,Higher Love,1,142,142
Kygo,I'll Wait,1,69,69
Kygo,Like It Is,4,61,183
Kygo,Lose Somebody,13,45,193
Kygo,What's Love Got to Do with It,1,162,162
Labrinth,Still Don't Know My Name,11,53,145
Lady Gaga,1000 Doves,1,136,136
Lady Gaga,911,1,54,54
Lady Gaga,Alice,1,56,56
Lady Gaga,Babylon,1,107,107
Lady Gaga,Chromatica I,1,113,113
Lady Gaga,Chromatica II,1,104,104
Lady Gaga,Enigma,1,84,84
Lady Gaga,Free Woman,1,63,63
Lady Gaga,Fun Tonight,1,73,73
Lady Gaga,Plastic Doll,1,82,82
Lady Gaga,Rain On Me (with Ariana Grande),22,2,118
Lady Gaga,Replay,1,85,85
Lady Gaga,Sine From Above (with Elton John),1,94,94
Lady Gaga,Sour Candy (with BLACKPINK),5,8,120
Lady Gaga,Stupid Love,9,8,187
Lauv,Fake,1,105,105
Lauv,Feelings,3,125,137
Lauv,I Like Me Better,6,176,196
Lauv,Invisible Things,1,169,169
Lauv,Mean It,8,36,192
Lauv,Modern Loneliness,3,86,164
Lauv,Tattoos Together,1,183,183
Lauv,Who (feat. BTS),1,175,175
Lee Brice,One Of Them Girls,10,64,167
Lennon Stella,Summer Feelings (feat. Charlie Puth) - From 'SCOOB!' The Album,1,191,191
Leon Bridges,Inside Friend (feat. John Mayer),1,144,144
Leona Lewis,One More Sleep,1,175,175
Leslie Odom Jr.,Alexander Hamilton,3,126,173
Leslie Odom Jr.,Wait for It,2,170,198
Lewis Capaldi,Before You Go,48,42,164
Lewis Capaldi,Bruises,8,114,198
Lewis Capaldi,Someone You Loved,52,6,82
Likybo,Kraazy,1,173,173
Lil Adrei,Burberry faygo,1,90,90
Lil Baby,All In,2,79,171
Lil Baby,Commercial (feat. Lil Uzi Vert),13,31,196
Lil Baby,Drip Too Hard (Lil Baby & Gunna),52,69,173
Lil Baby,Emotionally Scarred,20,45,198
Lil Baby,Forever (feat. Lil Wayne),1,112,112
Lil Baby,Get Ugly,1,93,93
Lil Baby,Grace (feat. 42 Dugg),1,80,80
Lil Baby,Heatin Up (feat. Gunna),14,11,184
Lil Baby,How,1,105,105
Lil Baby,Live Off My Closet (feat. Future),2,30,120
Lil Baby,No Sucker (feat. Moneybagg Yo),1,104,104
Lil Baby,Same Thing,1,130,130
Lil Baby,Social Distancing,1,142,142
Lil Baby,Sum 2 Prove,33,18,199
Lil Baby,The Bigger Picture,18,5,175
Lil Baby,We Paid (feat. 42 Dugg),21,9,94
Lil Baby,We Should (feat. Young Thug),1,148,148
Lil Baby,Woah,38,11,192
Lil Baby,Yes Indeed,18,161,200
Lil Durk,3 Headed Goat (feat. Lil Baby & Polo G),18,59,178
Lil Durk,The Voice,1,195,195
Lil Eazzyy,Onna Come Up,1,139,139
Lil Mosey,Back At It (feat. Lil Baby),2,95,139
Lil Mosey,Blueberry Faygo,37,2,31
Lil Mosey,G Walk (with Chris Brown),1,142,142
Lil Mosey,Live This Wild,1,158,158
Lil Mosey,Noticed,13,148,199
Lil Mosey,Stuck In A Dream (feat. Gunna),29,9,200
Lil Nas X,Old Town Road - Remix,18,87,192
Lil Nas X,Panini,18,27,195
Lil Nas X,Panini - DaBaby Remix,10,77,196
Lil Nas X,Rodeo - feat. Nas,1,159,159
Lil Peep,Falling Down - Bonus Track,2,198,200
Lil Peep,Star Shopping,9,107,196
Lil Pump,Illuminati,1,182,182
Lil Skies,Havin My Way (feat. Lil Durk),9,148,199
Lil Skies,I,7,171,199
Lil Tecca,Did It Again,12,48,199
Lil Tecca,Dolly (with Lil Uzi Vert),2,47,150
Lil Tecca,Love Me,8,98,197
Lil Tecca,Our Time,1,200,200
Lil Tecca,Out Of Love (feat. Internet Money),7,92,197
Lil Tecca,Ransom,44,19,192
Lil Tecca,Ransom (with Juice WRLD) - Remix,16,47,170
Lil Tecca,Shots,2,178,186
Lil Tecca,When You Down (with Polo G feat. Lil Durk),1,134,134
Lil Tjay,20/20,2,105,166
Lil Tjay,Brothers (feat. Lil Durk) - Remix,2,156,169
Lil Tjay,F.N,49,37,198
Lil Tjay,Go In,1,128,128
Lil Tjay,Hold On,2,179,188
Lil Tjay,Zoo York (feat. Fivio Foreign & Pop Smoke),1,55,55
Lil Uzi Vert,20 Min,29,116,199
Lil Uzi Vert,Baby Pluto,9,2,173
Lil Uzi Vert,Bean (Kobe) [feat. Chief Keef],5,8,152
Lil Uzi Vert,Bigger Than Life,3,16,168
Lil Uzi Vert,Bust Me,2,29,115
Lil Uzi Vert,Celebration Station,3,14,149
Lil Uzi Vert,Chrome Heart Tags,2,27,109
Lil Uzi Vert,Come This Way,1,55,55
Lil Uzi Vert,Futsal Shuffle 2020,12,1,58
Lil Uzi Vert,Futsal Shuffle 2020 - Bonus Track,12,18,194
Lil Uzi Vert,Got The Guap (feat. Young Thug),2,52,161
Lil Uzi Vert,Homecoming,4,7,149
Lil Uzi Vert,I Can Show You,1,51,51
Lil Uzi Vert,I'm Sorry,3,11,135
Lil Uzi Vert,Leaders (feat. NAV),2,39,176
Lil Uzi Vert,Lo Mein,12,5,138
Lil Uzi Vert,Lotus,1,29,29
Lil Uzi Vert,Money Spread (feat. Young Nudy),1,63,63
Lil Uzi Vert,Moon Relate,1,34,34
Lil Uzi Vert,Myron,28,2,187
Lil Uzi Vert,No Auto (feat. Lil Durk),1,60,60
Lil Uzi Vert,P2,21,4,195
Lil Uzi Vert,POP,2,13,77
Lil Uzi Vert,Prices,5,10,183
Lil Uzi Vert,Sanguine Paradise,24,96,199
Lil Uzi Vert,Sasuke,1,44,44
Lil Uzi Vert,Secure The Bag,2,34,135
Lil Uzi Vert,Silly Watch,6,6,143
Lil Uzi Vert,Strawberry Peels (feat. Young Thug & Gunna),2,33,193
Lil Uzi Vert,That Way,1,7,7
Lil Uzi Vert,That Way - Bonus Track,25,3,195
Lil Uzi Vert,The Way Life Goes (feat. Oh Wonder),1,177,177
Lil Uzi Vert,Trap This Way (This Way),1,41,41
Lil Uzi Vert,Urgency (feat. Syd),1,44,44
Lil Uzi Vert,Venetia,3,17,138
Lil Uzi Vert,Wassup (feat. Future),1,35,35
Lil Uzi Vert,XO Tour Llif3,51,67,198
Lil Uzi Vert,Yessirskiii,5,14,168
Lil Uzi Vert,You Better Move,2,19,81
Lil Wayne,Bing James (ft. Jay Rock),1,165,165
Lil Wayne,Clap For Em,1,189,189
Lil Wayne,Dreams,1,125,125
Lil Wayne,Funeral,1,113,113
Lil Wayne,"I Do It (ft. Big Sean, Lil Baby)",4,16,122
Lil Wayne,I Don't Sleep (ft. Takeoff),2,78,199
Lil Wayne,Know You Know (ft. 2 Chainz),1,150,150
Lil Wayne,Mahogany,1,65,65
Lil Wayne,Mama Mia,1,91,91
Lil Wayne,Stop Playin With Me,1,198,198
Lil Wayne,Trust Nobody (ft. Adam Levine),1,176,176
Lil Yachty,Oprah's Bank Account (Lil Yachty & DaBaby feat. Drake),8,60,177
Lil Yachty,Oprah’s Bank Account (Lil Yachty & DaBaby feat. Drake),12,31,136
Lil Yachty,Split/Whole Time,1,101,101
Lil Yachty,"T.D (Lil Yachty & Tierra Whack feat. ASAP Rocky & Tyler, The Creator)",3,55,173
Lin-Manuel Miranda,My Shot,2,165,166
Lizzo,Good as Hell,10,73,198
Lizzo,Good as Hell (feat. Ariana Grande) - Remix,11,32,200
Lizzo,Juice,2,183,199
Lizzo,Truth Hurts,50,20,194
Logic,5 Hooks,1,150,150
Logic,A2Z,1,192,192
Logic,Celebration,1,113,113
Logic,DadBod,1,127,127
Logic,Dark Place,1,175,175
Logic,GP4,1,65,65
Logic,Heard Em Say,1,163,163
Logic,Hit My Line,1,62,62
Logic,No Pressure Intro,1,67,67
Logic,Open Mic\\Aquarius III,1,124,124
Logic,Perfect,3,30,156
Logic,Soul Food II,1,92,92
Logic,man i is,1,111,111
Louis The Child,Little Things (with Quinn XCII & Chelsea Cutler),1,136,136
Luke Bryan,One Margarita,9,119,191
Luke Combs,"1, 2 Many",1,145,145
Luke Combs,All Over Again,1,149,149
Luke Combs,Beautiful Crazy,50,83,196
Luke Combs,Beer Never Broke My Heart,7,70,200
Luke Combs,Better Together,5,54,187
Luke Combs,Blue Collar Boys,1,150,150
Luke Combs,Dear Today,1,168,168
Luke Combs,Does To Me (feat. Eric Church),6,99,187
Luke Combs,Even Though I'm Leaving,5,60,196
Luke Combs,Every Little Bit Helps,1,181,181
Luke Combs,Hurricane,9,179,199
Luke Combs,Lovin' On You,1,185,185
Luke Combs,Moon Over Mexico,1,196,196
Luke Combs,New Every Day,1,171,171
Luke Combs,Nothing Like You,1,152,152
Luke Combs,Reasons,1,121,121
Luke Combs,Refrigerator Door,1,160,160
Luke Combs,Six Feet Apart,4,68,198
Luke Combs,What You See Is What You Get,1,74,74
Luke Combs,When It Rains It Pours,14,150,199
Luke Combs,Without You,2,53,170
Lynyrd Skynyrd,Sweet Home Alabama,1,180,180
MEDUZA,Lose Control,5,123,184
Mac Miller,Blue World,4,6,135
Mac Miller,Circles,2,11,75
Mac Miller,Complicated,2,21,125
Mac Miller,Everybody,2,33,167
Mac Miller,Good News,9,3,197
Mac Miller,Hand Me Downs,2,23,102
Mac Miller,Hands,1,60,60
Mac Miller,I Can See,2,16,128
Mac Miller,Once A Day,1,57,57
Mac Miller,Self Care,1,183,183
Mac Miller,Surf,2,46,176
Mac Miller,That's On Me,1,51,51
Mac Miller,Woods,2,30,138
Machine Gun Kelly,all I know (feat. Trippie Redd),1,73,73
Machine Gun Kelly,bloody valentine,6,35,152
Machine Gun Kelly,concert for aliens,1,123,123
Machine Gun Kelly,drunk face,2,56,137
Machine Gun Kelly,forget me too (feat. Halsey),4,17,89
Machine Gun Kelly,jawbreaker,1,143,143
Machine Gun Kelly,kiss kiss,1,92,92
Machine Gun Kelly,lonely,1,106,106
Machine Gun Kelly,my ex's best friend (with blackbear),11,11,43
Machine Gun Kelly,nothing inside (feat. iann dior),1,124,124
Machine Gun Kelly,play this when i'm gone,1,144,144
Machine Gun Kelly,title track,1,93,93
Maddie & Tae,Die From A Broken Heart,11,101,191
Madison Beer,Selfish,12,59,195
Maggie Rogers,Love You For A Long Time,1,142,142
Major Lazer,Trigger,5,49,182
Maluma,Hawái,9,29,71
Maren Morris,The Bones,3,182,195
Mariah Carey,All I Want for Christmas Is You,8,2,113
Mariah Carey,Christmas (Baby Please Come Home),4,55,124
Maroon 5,Memories,50,9,199
Maroon 5,Nobody's Love,6,49,173
Marshmello,Be Kind (with Halsey),25,13,198
Marshmello,Happier,31,103,199
Marshmello,OK Not To Be OK,3,48,171
Marshmello,One Thing Right,15,92,181
Marshmello,Tongue Tied (with YUNGBLUD & blackbear),2,60,176
Matthew Wilder,Break My Stride,2,129,164
Meek Mill,Believe (feat. Justin Timberlake),1,146,146
Meek Mill,Going Bad (feat. Drake),40,75,200
Meek Mill,Letter To Nipsey (feat. Roddy Ricch),1,154,154
Meek Mill,Otherside Of America,1,115,115
Megan Thee Stallion,B.I.T.C.H.,3,46,198
Megan Thee Stallion,Captain Hook,14,83,198
Megan Thee Stallion,Cash Shit (feat. DaBaby),15,108,199
Megan Thee Stallion,Diamonds (with Normani),1,99,99
Megan Thee Stallion,Don’t Stop (feat. Young Thug),3,57,180
Megan Thee Stallion,Girls in the Hood,17,37,121
Megan Thee Stallion,Hot Girl Summer (feat. Nicki Minaj & Ty Dolla Sign),4,100,169
Megan Thee Stallion,Savage,22,9,200
Megan Thee Stallion,Savage Remix (feat. Beyoncé),26,5,164
Meghan Trainor,I'll Be Home,1,152,152
Melanie Martinez,Play Date,13,36,107
Metro Boomin,Space Cadet (feat. Gunna),2,174,188
Michael Bublé,Holly Jolly Christmas,5,21,148
Michael Bublé,I'll Be Home for Christmas,1,142,142
Michael Bublé,It's Beginning to Look a Lot like Christmas,6,18,186
Michael Bublé,Santa Claus Is Coming to Town,3,90,171
Michael Bublé,White Christmas (with Shania Twain),1,170,170
Michael Jackson,Thriller,1,146,146
Migos,Give No Fxk,2,26,154
Migos,Need It,10,64,159
Migos,Racks 2 Skinny,2,76,181
Migos,Taco Tuesday,1,185,185
Miley Cyrus,Heart Of Glass (Live from the iHeart Festival),3,81,104
Miley Cyrus,Midnight Sky,10,14,66
Miley Cyrus,Party In The U.S.A.,1,169,169
Miranda Lambert,Bluebird,1,200,200
Money Man,24,3,113,169
Money Man,24 (feat. Lil Baby),10,25,140
Moneybagg Yo,Said Sum,13,156,196
Moneybagg Yo,Said Sum (feat. City Girls & DaBaby) - Remix,1,114,114
Moneybagg Yo,U Played (feat. Lil Baby),4,101,155
Morgan Wallen,7 Summers,10,3,61
Morgan Wallen,Chasin' You,34,55,186
Morgan Wallen,Cover Me Up,9,147,189
Morgan Wallen,More Than My Hometown,26,57,178
Morgan Wallen,Whiskey Glasses,47,59,188
Mustard,"Baguettes in the Face (feat. NAV, Playboi Carti & A Boogie Wit da Hoodie)",8,117,200
Mustard,Ballin' (with Roddy Ricch),52,11,120
Mustard,Pure Water (with Migos),16,127,200
Mykola Dmytrovych Leontovych,Carol of the Bells,4,80,189
NAV,Codeine (feat. Gunna),1,70,70
NAV,My Business (feat. Future),1,149,149
NAV,No Debate (feat. Young Thug),1,168,168
NAV,Recap (feat. Don Toliver),1,166,166
NAV,Run It Up (feat. Pop Smoke),1,150,150
NAV,Saint Laurenttt,1,140,140
NAV,Status (feat. Lil Uzi Vert),1,146,146
NAV,Turks (feat. Travis Scott),6,4,48
NAV,Turks (with Gunna & ft. Travis Scott),15,26,200
NF,Chasing_(Demo),1,188,188
NF,PAID MY DUES,1,148,148
NLE Choppa,100 Shots,1,186,186
NLE Choppa,Camelot,36,13,177
NLE Choppa,Famous Hoes,6,105,182
NLE Choppa,Forever,1,90,90
NLE Choppa,Matrix,1,162,162
NLE Choppa,Narrow Road (feat. Lil Baby),11,60,148
NLE Choppa,Shotta Flow (Feat. Blueface) [Remix],6,108,188
NLE Choppa,Shotta Flow (feat. Blueface) [Remix],6,143,200
NLE Choppa,Shotta Flow 5,8,26,188
NLE Choppa,Walk Em Down (feat. Roddy Ricch),31,11,143
Nat King Cole,Joy To The World,4,72,178
Nat King Cole,The Christmas Song (Merry Christmas To You),5,14,157
NextYoungin,3 Musketeers,7,109,185
Niall Horan,Black And White,1,156,156
Niall Horan,Nice To Meet Ya,7,66,190
Niall Horan,No Judgement,4,114,175
Nicki Minaj,Yikes,3,34,191
Nio Garcia,La Jeepeta - Remix,11,138,194
Noah Cyrus,July,52,56,184
Normani,Motivation,4,83,132
Offset,Ric Flair Drip (& Metro Boomin),1,200,200
Old Dominion,One Man Band,34,71,199
Olivia Rodrigo,"All I Want - From ""High School Musical: The Musical: The Series""",13,64,199
Ozuna,Del Mar,1,88,88
PARTYNEXTDOOR,BELIEVE IT,11,13,165
PARTYNEXTDOOR,LOYAL (feat. Drake),7,19,200
Panic! At The Disco,High Hopes,3,162,199
Panic! At The Disco,Into the Unknown - Panic! At The Disco Version,2,121,187
Parker McCollum,Pretty Heart,2,133,184
Paul McCartney,Wonderful Christmastime [Edited Version] - Remastered 2011 / Edited Version,4,29,78
Peach Tree Rascals,Mariposa,9,104,195
Pentatonix,Hallelujah,2,159,164
Pentatonix,"Mary, Did You Know?",1,153,153
Perry Como,It's Beginning to Look a Lot Like Christmas (with Mitchell Ayres & His Orchestra),5,37,194
Phillipa Soo,Helpless,3,149,195
Playboi Carti,@ MEH,4,8,75
Polo G,21,23,42,193
Polo G,33,1,127,127
Polo G,Be Something (feat. Lil Baby),9,51,196
Polo G,Beautiful Pain (Losin My Mind),1,79,79
Polo G,DND,3,69,152
Polo G,Don't Believe The Hype,1,154,154
Polo G,Epidemic,4,32,169
Polo G,First Place,1,176,176
Polo G,Flex (feat. Juice WRLD),23,22,147
Polo G,Go Stupid,11,38,194
Polo G,Go Stupid (feat. NLE Choppa & Mike WiLL Made-It),13,28,95
Polo G,Heartless (feat. Mustard),1,104,104
Polo G,I Know,1,142,142
Polo G,Martin & Gina,12,23,171
Polo G,Pop Out (feat. Lil Tjay),50,53,198
Polo G,Wishing For A Hero (feat. BJ The Chicago Kid),1,173,173
Pop Smoke,44 BullDog,2,31,171
Pop Smoke,Aim For The Moon (feat. Quavo),4,24,191
Pop Smoke,Bad Bitch From Tokyo (Intro),1,66,66
Pop Smoke,Creature (feat. Swae Lee),1,37,37
Pop Smoke,Diana (feat. King Combs),1,104,104
Pop Smoke,Dior,33,18,197
Pop Smoke,Dior (with Gunna) - Remix,5,169,197
Pop Smoke,Enjoy Yourself (feat. Karol G),2,64,191
Pop Smoke,For The Night (feat. Lil Baby & DaBaby),16,2,28
Pop Smoke,Gangstas,3,27,158
Pop Smoke,Got It On Me,16,15,79
Pop Smoke,Hello (feat. A Boogie Wit da Hoodie),8,131,174
Pop Smoke,Make It Rain,3,49,145
Pop Smoke,Make It Rain (feat. Rowdy Rebel),3,25,189
Pop Smoke,Mood Swings (feat. Lil Tjay),16,10,125
Pop Smoke,Shake The Room (feat. Quavo),2,142,153
Pop Smoke,Snitching (feat. Quavo & Future),1,60,60
Pop Smoke,Something Special,10,35,196
Pop Smoke,The Woo (feat. 50 Cent & Roddy Ricch),16,8,56
Pop Smoke,Tunnel Vision (Outro),1,96,96
Pop Smoke,West Coast Shit (feat. Tyga & Quavo),1,79,79
Pop Smoke,What You Know Bout Love,8,6,161
Pop Smoke,Yea Yea,1,46,46
Post Malone,A Thousand Bad Times,2,162,182
Post Malone,Better Now,46,109,199
Post Malone,Circles,52,2,55
Post Malone,Congratulations,17,140,197
Post Malone,Die For Me (feat. Future & Halsey),5,97,167
Post Malone,Enemies (feat. DaBaby),29,42,200
Post Malone,Goodbyes (Feat. Young Thug),31,22,118
Post Malone,Goodbyes (feat. Young Thug),15,103,198
Post Malone,Hollywood's Bleeding,9,69,198
Post Malone,I Fall Apart,52,98,177
Post Malone,On The Road (feat. Meek Mill & Lil Baby),6,96,186
Post Malone,Saint-Tropez,9,53,189
Post Malone,Sunflower - Spider-Man: Into the Spider-Verse,52,14,59
Post Malone,Take What You Want (feat. Ozzy Osbourne & Travis Scott),28,26,200
Post Malone,Wow.,52,48,192
Post Malone,rockstar (feat. 21 Savage),52,89,181
Powfu,death bed (coffee for your head),36,9,63
Quality Control,Baby (Lil Baby feat. DaBaby),33,30,200
Quinn XCII,Coffee,1,185,185
ROSALÍA,TKN (feat. Travis Scott),8,30,138
Ray Parker Jr.,Ghostbusters,1,194,194
Regard,Ride It,6,90,193
Renée Elise Goldsberry,Satisfied,3,103,144
Renée Elise Goldsberry,The Schuyler Sisters,2,161,176
Rex Orange County,Face to Face,1,154,154
Rex Orange County,Pluto Projector,1,174,174
Rich The Kid,Money Talk,1,113,113
Rich The Kid,Stuck Together (feat. Lil Baby),1,153,153
Ritt Momney,Put Your Records On,6,18,87
Rod Wave,Heart On Ice,30,47,199
Rod Wave,Rags2Riches (feat. ATR Son Son),16,15,199
Rod Wave,Rags2Riches 2 (feat. Lil Baby),11,26,84
Roddy Ricch,High Fashion (feat. Mustard),43,5,157
Roddy Ricch,Peta (feat. Meek Mill),10,60,129
Roddy Ricch,Start Wit Me (feat. Gunna),22,48,198
Roddy Ricch,The Box,46,1,61
Roddy Ricch,Tip Toe (feat. A Boogie Wit da Hoodie),13,49,182
Run The Jewels,JUST (feat. Pharrell Williams & Zack de la Rocha),1,122,122
Russ,BEST ON EARTH (feat. BIA) - Bonus,15,81,179
Russ,GUESS WHAT (feat. Rick Ross),1,136,136
SAINt JHN,Roses - Imanbek Remix,35,5,185
SHAED,Trampoline,1,115,115
SHAED,Trampoline (with ZAYN),12,33,187
SZA,Hit Different,7,18,190
SZA,The Other Side (from Trolls World Tour),2,66,156
Sada Baby,Whole Lotta Choppas,2,163,168
Sada Baby,Whole Lotta Choppas (Remix) [feat. Nicki Minaj],1,87,87
Sam Fischer,This City,11,144,182
Sam Hunt,2016,1,137,137
Sam Hunt,Body Like A Back Road,11,117,200
Sam Hunt,Hard To Forget,1,162,162
Sam Hunt,Kinfolks,1,110,110
Sam Smith,Dancing With A Stranger (with Normani),6,172,197
Sam Smith,Diamonds,5,32,196
Sam Smith,Have Yourself A Merry Little Christmas,4,62,137
Sam Smith,How Do You Sleep?,12,44,173
Sam Smith,I’m Ready (with Demi Lovato),4,21,108
Sam Smith,My Oasis (feat. Burna Boy),3,119,178
Sam Smith,To Die For,7,24,157
Saweetie,My Type,9,120,200
Saweetie,Tap In,15,26,158
Saweetie,"Tap In (feat. Post Malone, DaBaby & Jack Harlow)",3,64,145
Sech,Relación - Remix,5,166,200
Selena Gomez,A Sweeter Place (feat. Kid Cudi),1,134,134
Selena Gomez,Boyfriend,4,38,189
Selena Gomez,Crowded Room (feat. 6LACK),1,79,79
Selena Gomez,Cut You Off,1,167,167
Selena Gomez,Dance Again,1,94,94
Selena Gomez,Feel Me,3,43,164
Selena Gomez,Kinda Crazy,1,181,181
Selena Gomez,Let Me Get Me,1,174,174
Selena Gomez,Look At Her Now,9,15,166
Selena Gomez,Lose You To Love Me,27,2,194
Selena Gomez,People You Know,1,128,128
Selena Gomez,Rare,7,12,138
Selena Gomez,Ring,1,106,106
Selena Gomez,Vulnerable,1,73,73
Shakira,Hips Don't Lie (feat. Wyclef Jean),1,146,146
Shawn Mendes,If I Can't Have You,4,152,161
Shawn Mendes,Señorita,39,35,182
Shawn Mendes,Wonder,3,9,23
Sia,Santa's Coming for Us,1,146,146
Ski Mask The Slump God,Burn The Hoods,1,84,84
Ski Mask The Slump God,Carbonated Water,1,102,102
Ski Mask The Slump God,Faucet Failure,13,158,193
Sleepy Hallow,Deep End Freestyle,12,22,182
Smokepurpp,What I Please (feat. Denzel Curry),1,187,187
Social House,Magic In The Hamptons (feat. Lil Yachty),22,86,197
StaySolidRocky,Party Girl,24,2,94
StaySolidRocky,Party Girl (Remix),5,12,176
Stevie Wonder,What Christmas Means To Me,1,107,107
Stormzy,Own It (feat. Ed Sheeran & Burna Boy),1,117,117
Stunna 4 Vegas,UP THE SMOKE (with Offset),8,138,192
SuicideBoyS,"...And To Those I Love, Thanks For Sticking Around",19,82,192
Summer Walker,Come Thru (with Usher),5,137,195
Summer Walker,Girls Need Love (with Drake) - Remix,2,173,181
Summer Walker,My Affection (with PARTYNEXTDOOR),1,176,176
Summer Walker,Playing Games (with Bryson Tiller) - Extended Version,4,92,168
Summer Walker,Something Real (with London On Da Track & Chris Brown),1,165,165
Surf Mesa,ily (i love you baby) (feat. Emilee),27,49,196
Surfaces,Sunday Best,40,14,133
Swae Lee,Reality Check,1,135,135
Swae Lee,Someone Said,2,95,118
THE SCOTTS,THE SCOTTS,26,1,116
TOKYO’S REVENGE,GOODMORNINGTOKYO!,20,44,192
Tame Impala,Borderline,1,75,75
Tame Impala,Breathe Deeper,1,44,44
Tame Impala,Instant Destiny,1,109,109
Tame Impala,Is It True,1,138,138
Tame Impala,It Might Be Time,1,168,168
Tame Impala,Lost In Yesterday,2,112,135
Tame Impala,On Track,1,161,161
Tame Impala,One More Year,1,86,86
Tame Impala,Posthumous Forgiveness,1,119,119
Tame Impala,The Less I Know The Better,50,119,195
Tame Impala,Tomorrow's Dust,1,149,149
Tate McRae,you broke me first,14,16,178
Taylor Swift,Christmas Tree Farm,3,96,136
Taylor Swift,Lover,7,84,190
Taylor Swift,Lover (Remix) [feat. Shawn Mendes],3,28,107
Taylor Swift,Only The Young - Featured in Miss Americana,2,50,80
Taylor Swift,You Need To Calm Down,16,117,195
Taylor Swift,august,8,6,173
Taylor Swift,betty,8,14,196
Taylor Swift,cardigan,13,1,154
Taylor Swift,epiphany,4,18,200
Taylor Swift,exile (feat. Bon Iver),13,3,184
Taylor Swift,hoax,3,20,154
Taylor Swift,illicit affairs,5,11,167
Taylor Swift,invisible string,6,9,170
Taylor Swift,mad woman,4,15,161
Taylor Swift,mirrorball,5,7,147
Taylor Swift,my tears ricochet,6,5,152
Taylor Swift,peace,4,19,180
Taylor Swift,seven,5,8,140
Taylor Swift,the 1,13,2,185
Taylor Swift,the last great american dynasty,8,4,195
Taylor Swift,this is me trying,5,10,166
The 1975,If You’re Too Shy (Let Me Know) - Edit,1,158,158
The 1975,Tonight (I Wish I Was Your Boy),1,151,151
The 7 Dimensions,Faygo,1,150,150
The Beach Boys,Little Saint Nick - 1991 Remix,1,95,95
The Chainsmokers,Family,1,149,149
The Chainsmokers,Push My Luck,1,127,127
The Chainsmokers,Takeaway (feat. Lennon Stella),4,104,177
The Jackson 5,I Saw Mommy Kissing Santa Claus,2,57,123
The Jackson 5,Santa Claus Is Coming To Town,3,42,191
The Kid LAROI,Addison Rae,1,194,194
The Kid LAROI,Diva (feat. Lil Tecca),2,114,163
The Kid LAROI,Fade Away,1,164,164
The Kid LAROI,GO (feat. Juice WRLD),19,15,98
The Kid LAROI,MAYBE,1,141,141
The Kid LAROI,NOT FAIR (feat. Corbin),1,199,199
The Kid LAROI,TELL ME WHY,5,88,192
The Kid LAROI,WRONG (feat. Lil Mosey),1,101,101
The Killers,Mr. Brightside,13,168,198
The Lumineers,Ophelia,2,197,200
The Neighbourhood,Daddy Issues,6,109,182
The Neighbourhood,Sweater Weather,9,61,188
The Pogues,Fairytale of New York (feat. Kirsty MacColl),1,132,132
The Ronettes,Frosty the Snowman,1,192,192
The Ronettes,Sleigh Ride,4,69,164
The Strokes,Brooklyn Bridge To Chorus,1,194,194
The Strokes,The Adults Are Talking,1,179,179
The Weeknd,After Hours,15,2,183
The Weeknd,Alone Again,3,7,171
The Weeknd,Blinding Lights,47,1,31
The Weeknd,Call Out My Name,2,177,197
The Weeknd,Escape From LA,3,14,170
The Weeknd,Faith,3,15,161
The Weeknd,Hardest To Love,3,9,135
The Weeknd,Heartless,32,1,168
The Weeknd,In Your Eyes,19,3,156
The Weeknd,In Your Eyes (feat. Kenny G) - Remix,1,200,200
The Weeknd,In Your Eyes (with Doja Cat) - Remix,1,68,68
The Weeknd,Nothing Compares - Bonus Track,1,199,199
The Weeknd,Repeat After Me (Interlude),2,37,154
The Weeknd,Save Your Tears,6,11,190
The Weeknd,Scared To Live,3,8,138
The Weeknd,Snowchild,3,13,177
The Weeknd,Starboy,1,196,196
The Weeknd,Too Late,3,10,174
The Weeknd,Until I Bleed Out,1,38,38
Thomas Rhett,Beer Can’t Fix,4,144,176
Thomas Rhett,On Me (feat. Ava Max) - From 'SCOOB!' The Album,10,114,188
Thurl Ravenscroft,"You're A Mean One, Mr. Grinch - From Dr. Seuss' 'How The Grinch Stole Christmas'",1,118,118
Tones And I,Dance Monkey,52,7,169
Tones And I,Never Seen the Rain,6,140,194
Tony Bennett,Winter Wonderland,1,151,151
Topic,Breaking Me,22,52,193
Tory Lanez,10 F*CKS (with Mansa),1,177,177
Tory Lanez,Beauty In The Benz (feat. Snoop Dogg),1,141,141
Tory Lanez,Broke In A Minute,22,33,200
Tory Lanez,Do The Most,2,137,166
Tory Lanez,Jerry Sprunger (with T-Pain),3,38,103
Tory Lanez,Stupid Again,2,37,146
Tory Lanez,Temperature Rising,4,88,192
Tory Lanez,The Take (feat. Chris Brown),4,139,188
Tory Lanez,Who Needs Love,2,102,134
Travis Scott,BUTTERFLY EFFECT,2,61,156
Travis Scott,FRANCHISE (feat. Young Thug & M.I.A.),4,6,46
Travis Scott,HIGHEST IN THE ROOM,52,1,96
Travis Scott,HIGHEST IN THE ROOM (feat. ROSALÍA & Lil Baby) - REMIX,7,10,107
Travis Scott,SICKO MODE,52,12,151
Travis Scott,STARGAZING,3,43,197
Travis Scott,"The Plan - From the Motion Picture ""TENET""",2,42,91
Travis Scott,YOSEMITE,1,104,104
Travis Scott,goosebumps,51,8,185
Trevor Daniel,Falling,49,5,125
Trevor Daniel,Past Life (with Selena Gomez),3,150,186
Trippie Redd,1400 / 999 Freestyle,3,122,191
Trippie Redd,6 Kiss,13,13,181
Trippie Redd,All For Me,1,198,198
Trippie Redd,Death,15,30,196
Trippie Redd,Death (feat. DaBaby),1,59,59
Trippie Redd,Excitement,8,68,183
Trippie Redd,Hate Me,1,63,63
Trippie Redd,Leray,1,109,109
Trippie Redd,Love Me More,9,40,182
Trippie Redd,Love Sick,1,87,87
Trippie Redd,Real Feel,1,120,120
Trippie Redd,Sickening,1,200,200
Trippie Redd,Sleepy Hollow,2,50,121
Trippie Redd,The Grinch,1,163,163
Trippie Redd,The Way,1,103,103
Trippie Redd,This Ain't That,1,110,110
Trippie Redd,Til The End of Time,1,166,166
Trippie Redd,U Deserve It,1,173,173
Trippie Redd,Who Needs Love,5,24,200
Trippie Redd,YELL OH,1,62,62
Troye Sivan,Take Yourself Home,1,197,197
Twenty One Pilots,Level of Concern,8,15,121
Ty Dolla Sign,By Yourself (feat. Jhené Aiko & Mustard),1,141,141
Ty Dolla Sign,"Ego Death (feat. Kanye West, FKA twigs & Skrillex)",3,84,155
Ty Dolla Sign,Expensive (feat. Nicki Minaj),1,98,98
Tyga,Ayy Macarena,6,151,194
Tyga,MAMACITA,1,95,95
Tyga,VACATION,3,18,186
Tyla Yaweh,Stuntin' On You (feat. DaBaby),2,196,196
Tyla Yaweh,Tommy Lee (feat. Post Malone),6,15,197
"Tyler, The Creator",EARFQUAKE,39,69,194
Vedo,You Got It,6,81,119
Vince Guaraldi Trio,Christmas Time Is Here - Vocal,1,105,105
Vince Guaraldi Trio,O Tannenbaum,2,92,199
WILLOW,Wait a Minute!,11,153,200
Wale,On Chill (feat. Jeremih),1,197,197
Wallows,Are You Bored Yet? (feat. Clairo),24,70,193
Wham!,Last Christmas,7,12,180
WhoHeem,Lets Link,8,47,172
Why Don't We,What Am I,3,170,199
XXXTENTACION,Everybody Dies In Their Nightmares,4,191,200
XXXTENTACION,Ex Bitch,1,85,85
XXXTENTACION,Fuck Love (feat. Trippie Redd),49,118,196
XXXTENTACION,HEARTEATER,1,141,141
XXXTENTACION,Hope,3,191,196
XXXTENTACION,Jocelyn Flores,52,67,163
XXXTENTACION,Moonlight,47,135,200
XXXTENTACION,Riot,1,73,73
XXXTENTACION,SAD!,52,76,158
XXXTENTACION,bad vibes forever,4,49,145
XXXTENTACION,changes,10,167,200
Y2K,Lalala,28,57,199
YG,FTP,3,89,193
YG,SWAG,1,79,79
YNW Melly,223's (feat. 9lokknine),36,7,179
YNW Melly,Bang Bang,2,54,162
YNW Melly,Murder On My Mind,48,61,199
YNW Melly,Suicidal,32,6,193
YNW Melly,Suicidal (Remix) [feat. Juice WRLD],28,21,187
Yandel,CANCIÓN CON YANDEL,1,120,120
Young Thug,Bad Bad Bad (feat. Lil Baby),11,47,177
Young Thug,Hop Off A Jet (feat. Travis Scott),5,61,188
Young Thug,Hot (Remix) [feat. Gunna and Travis Scott],18,12,174
Young Thug,Hot (feat. Gunna),18,22,199
Young Thug,Millions,3,117,161
Young Thug,The London (feat. J. Cole & Travis Scott),36,45,195
YoungBoy Never Broke Again,All In,1,109,109
YoungBoy Never Broke Again,Drug Addiction,1,141,141
YoungBoy Never Broke Again,Fine By Time,1,149,149
YoungBoy Never Broke Again,Hot Now,5,93,192
YoungBoy Never Broke Again,Kacey Talk,9,80,184
YoungBoy Never Broke Again,Knocked Off,2,91,177
YoungBoy Never Broke Again,Lil Top,1,117,117
YoungBoy Never Broke Again,Make No Sense,30,28,195
YoungBoy Never Broke Again,My Window (feat. Lil Wayne),2,38,137
YoungBoy Never Broke Again,One Shot (feat. Lil Baby) - From Road To Fast 9 Mixtape,1,148,148
YoungBoy Never Broke Again,Red Eye,1,56,56
YoungBoy Never Broke Again,Self Control,7,75,192
YoungBoy Never Broke Again,Thug Of Spades (feat. DaBaby),1,134,134
Yung Bleu,You’re Mines Still (feat. Drake),1,123,123
ZAYN,Better,1,63,63
Zac Brown Band,Chicken Fried,1,145,145
Zedd,Funny,1,181,181
Zedd,Good Thing (with Kehlani),5,58,130
benny blanco,Eastside (with Halsey & Khalid),28,114,193
benny blanco,Graduation (with Juice WRLD),7,80,199
benny blanco,Roses (with Juice WRLD feat. Brendon Urie),1,138,138
blackbear,hot girl bummer,52,8,97
blackbear,if i were u (with Lauv),1,98,98
blackbear,me & ur ghost,7,60,158
blackbear,queen of broken hearts,1,185,185
girl in red,we fell in love in october,2,181,185
iann dior,Pretty Girls,1,183,183
iann dior,Prospect (ft. Lil Baby),17,42,192
iann dior,Sick and Tired,2,100,181
iann dior,Sick and Tired (ft. Machine Gun Kelly and Travis Barker),1,144,144
iann dior,gone girl,2,155,191
jxdn,Angels & Demons,1,127,127
salem ilese,Mad at Disney,7,56,113
